model,image_size,accuracy,macro_f1,weighted_f1,active_brazing_precision,active_brazing_recall,active_brazing_f1,checkpoint
resnet18,64,0.898960739030023,0.7967473131066369,0.9032504549182757,0.7371794871794872,0.5867346938775511,0.6534090909090909,models/checkpoints/resnet_input_size_cpu/resnet18_64_best.pt
resnet18,96,0.8579676674364896,0.7739300397928253,0.8714495346154213,0.7034883720930233,0.6173469387755102,0.657608695652174,models/checkpoints/resnet_input_size_cpu/resnet18_96_best.pt
resnet18,128,0.8331408775981525,0.7559246577256075,0.8499711359258225,0.7241379310344828,0.5357142857142857,0.6158357771260997,models/checkpoints/resnet_input_size_cpu/resnet18_128_best.pt
