{
  "video_info": {
    "video_path": "data/raw/MVI_6266.MOV",
    "input_fps": 29.97002997002997,
    "frame_count_reported": 1700,
    "frame_width": 1280,
    "frame_height": 720,
    "frames_processed": 1700
  },
  "model": "resnet18",
  "checkpoint": "models/checkpoints/neural_baseline_3/resnet18_best_3.pt",
  "device": "cuda",
  "roi": {
    "x": 470,
    "y": 280,
    "w": 430,
    "h": 290
  },
  "image_size": 224,
  "smoothing_window": 5,
  "max_frames": null,
  "num_frames_total": 1700,
  "num_frames_used_after_warmup": 1670,
  "warmup_frames": 30,
  "metrics": {
    "frame_read_ms": {
      "mean": 0.885234013774792,
      "std": 0.44443310924196455,
      "min": 0.5513619998964714,
      "max": 2.96049700000367,
      "p50": 0.7456974999513477,
      "p90": 1.0673571001007078,
      "p95": 2.242645550040833,
      "p99": 2.6380118397537444
    },
    "preprocess_ms": {
      "mean": 2.4575580706622024,
      "std": 0.2286071425978426,
      "min": 2.0971949998056516,
      "max": 3.525961999912397,
      "p50": 2.4879345000954345,
      "p90": 2.565685700346876,
      "p95": 2.738923599872577,
      "p99": 3.4198713901241717
    },
    "model_ms": {
      "mean": 2.9748703467049777,
      "std": 0.22029562717581536,
      "min": 2.7006270001947996,
      "max": 5.092421999961516,
      "p50": 2.9866034999486146,
      "p90": 3.0679207001867326,
      "p95": 3.1620367499726854,
      "p99": 3.9019340899494637
    },
    "postprocess_ms": {
      "mean": 0.12988777185499115,
      "std": 0.011352121248203915,
      "min": 0.11609400007728254,
      "max": 0.20652700004575308,
      "p50": 0.1259204998405039,
      "p90": 0.14698009963467484,
      "p95": 0.15233519995945244,
      "p99": 0.1656324301484346
    },
    "total_ms": {
      "mean": 6.4512635467086445,
      "std": 0.5581722191229035,
      "min": 5.59112799965078,
      "max": 9.438917999887053,
      "p50": 6.356810500165011,
      "p90": 7.336806399916896,
      "p95": 7.8007203501101685,
      "p99": 8.25591491988689
    },
    "fps_estimate_mean": 155.0083937448483,
    "fps_estimate_p95": 128.19328922435696,
    "target_50ms": {
      "mean_total_ms_le_50": true,
      "p95_total_ms_le_50": true
    }
  },
  "predicted_stage_counts": {
    "active_brazing": 192,
    "flux_activation": 155,
    "inactive_preparation": 809,
    "stabilization": 514
  }
}