{
  "video_info": {
    "video_path": "data/raw/MVI_6279.MOV",
    "input_fps": 29.97002997002997,
    "frame_count_reported": 1800,
    "frame_width": 1280,
    "frame_height": 720,
    "frames_processed": 1800
  },
  "model": "resnet18",
  "checkpoint": "models/checkpoints/neural_baseline_3/resnet18_best_3.pt",
  "device": "cuda",
  "roi": {
    "x": 470,
    "y": 280,
    "w": 430,
    "h": 290
  },
  "image_size": 224,
  "smoothing_window": 5,
  "max_frames": null,
  "num_frames_total": 1800,
  "num_frames_used_after_warmup": 1770,
  "warmup_frames": 30,
  "metrics": {
    "frame_read_ms": {
      "mean": 0.896972325427273,
      "std": 0.4508182653682842,
      "min": 0.4727850000563194,
      "max": 3.438098000060563,
      "p50": 0.7556534999366704,
      "p90": 1.1665986000025443,
      "p95": 2.1972045501115645,
      "p99": 2.7011178597649628
    },
    "preprocess_ms": {
      "mean": 2.4764338406795994,
      "std": 0.2432928458997123,
      "min": 2.098935000049096,
      "max": 3.5549640001590888,
      "p50": 2.4900189998788846,
      "p90": 2.5694367999221868,
      "p95": 2.9312925498288678,
      "p99": 3.4248312400859504
    },
    "model_ms": {
      "mean": 2.9288312282432276,
      "std": 0.21732536737049835,
      "min": 2.620131999719888,
      "max": 3.9773989997229364,
      "p50": 2.9261185002269485,
      "p90": 3.0107948000477336,
      "p95": 3.278538049949019,
      "p99": 3.8038340898310707
    },
    "postprocess_ms": {
      "mean": 0.12902313672816104,
      "std": 0.011398471706344978,
      "min": 0.11362300028849859,
      "max": 0.24366000025111134,
      "p50": 0.12517200002548634,
      "p90": 0.14656580001428668,
      "p95": 0.1515300000392017,
      "p99": 0.16398006998315393
    },
    "total_ms": {
      "mean": 6.434964809035447,
      "std": 0.5641766420572555,
      "min": 5.506154000158858,
      "max": 9.971565999876475,
      "p50": 6.315378499948565,
      "p90": 7.327576299894646,
      "p95": 7.82453560027534,
      "p99": 8.241418950128718
    },
    "fps_estimate_mean": 155.4010052387361,
    "fps_estimate_p95": 127.80311204217803,
    "target_50ms": {
      "mean_total_ms_le_50": true,
      "p95_total_ms_le_50": true
    }
  },
  "predicted_stage_counts": {
    "active_brazing": 53,
    "flux_activation": 274,
    "inactive_preparation": 1199,
    "stabilization": 244
  }
}