{
  "video_info": {
    "video_path": "data/raw/MVI_6279.MOV",
    "input_fps": 29.97002997002997,
    "frame_count_reported": 1800,
    "frame_width": 1280,
    "frame_height": 720,
    "frames_processed": 1800
  },
  "model": "resnet18",
  "checkpoint": "models/checkpoints/final_neural_stage_classification_10/resnet18_10fps_balanced_best_10fps.pt",
  "device": "cuda",
  "roi": {
    "x": 470,
    "y": 280,
    "w": 430,
    "h": 290
  },
  "image_size": 224,
  "postprocess": "state_machine",
  "smoothing_window": 5,
  "trigger_threshold": 0.4,
  "trigger_confirm_frames": 1,
  "enable_cv_trigger": false,
  "cv_threshold": 0.38,
  "cv_confirm_frames": 2,
  "max_frames": null,
  "num_frames_total": 1800,
  "num_frames_used_after_warmup": 1770,
  "warmup_frames": 30,
  "metrics": {
    "frame_read_ms": {
      "mean": 0.9209303486206645,
      "std": 0.3853361807170451,
      "min": 0.5860290038981475,
      "max": 2.925510998466052,
      "p50": 0.8135905009112321,
      "p90": 1.0693502037611329,
      "p95": 1.9211511495086597,
      "p99": 2.645082705130334
    },
    "preprocess_ms": {
      "mean": 2.527361688724361,
      "std": 0.25627110411705284,
      "min": 2.094864998070989,
      "max": 3.5885700053768232,
      "p50": 2.5409045010746922,
      "p90": 2.672212297329679,
      "p95": 2.9522054996050424,
      "p99": 3.4620219362841453
    },
    "model_ms": {
      "mean": 2.9881171577014514,
      "std": 0.240722212249161,
      "min": 2.663252002093941,
      "max": 5.130531004397199,
      "p50": 2.9778575008094776,
      "p90": 3.074998797092121,
      "p95": 3.6879355004202785,
      "p99": 3.899173704558052
    },
    "neural_trigger_ms": {
      "mean": 0.001008105808757193,
      "std": 0.0007287661797271819,
      "min": 0.0005340043571777642,
      "max": 0.016794998373370618,
      "p50": 0.000981999619398266,
      "p90": 0.0011499949323479086,
      "p95": 0.0012546486686915157,
      "p99": 0.0014815084432484571
    },
    "cv_trigger_ms": {
      "mean": 0.0005425592801549425,
      "std": 0.0005632795457923555,
      "min": 0.0003480017767287791,
      "max": 0.015552999684587121,
      "p50": 0.0005089968908578157,
      "p90": 0.0006190952262841166,
      "p95": 0.0006665530236205086,
      "p99": 0.0008529293700121341
    },
    "postprocess_ms": {
      "mean": 0.008585314705571959,
      "std": 0.0028656363627003437,
      "min": 0.0044670014176517725,
      "max": 0.04122300015296787,
      "p50": 0.008512997737852857,
      "p90": 0.009857301483862102,
      "p95": 0.010513202141737565,
      "p99": 0.0219347786332946
    },
    "total_ms": {
      "mean": 6.519771738837494,
      "std": 0.5618861167269357,
      "min": 5.570875000557862,
      "max": 10.18622299307026,
      "p50": 6.4618350043019745,
      "p90": 7.232011194719235,
      "p95": 7.901110252714715,
      "p99": 8.319635078441934
    },
    "fps_estimate_mean": 153.37960285375033,
    "fps_estimate_p95": 126.56449132024369,
    "target_50ms": {
      "mean_total_ms_le_50": true,
      "p95_total_ms_le_50": true
    },
    "trigger_counts": {
      "neural_trigger_on_frames": 368,
      "cv_trigger_on_frames": 0,
      "hold_signal_on_frames": 368
    },
    "predicted_stage_counts": {
      "active_brazing": 56,
      "flux_activation": 276,
      "inactive_preparation": 1197,
      "stabilization": 241
    }
  }
}