{
  "video_info": {
    "video_path": "data/raw/MVI_6266.MOV",
    "input_fps": 29.97002997002997,
    "frame_count_reported": 1700,
    "frame_width": 1280,
    "frame_height": 720,
    "frames_processed": 1700
  },
  "model": "resnet18",
  "checkpoint": "models/checkpoints/final_neural_stage_classification_10/resnet18_10fps_balanced_best_10fps.pt",
  "device": "cpu",
  "roi": {
    "x": 470,
    "y": 280,
    "w": 430,
    "h": 290
  },
  "image_size": 128,
  "postprocess": "state_machine",
  "smoothing_window": 5,
  "trigger_threshold": 0.4,
  "trigger_confirm_frames": 1,
  "enable_cv_trigger": false,
  "cv_threshold": 0.38,
  "cv_confirm_frames": 2,
  "max_frames": null,
  "num_frames_total": 1700,
  "num_frames_used_after_warmup": 1670,
  "warmup_frames": 30,
  "metrics": {
    "frame_read_ms": {
      "mean": 2.3017346706553496,
      "std": 1.195417305228977,
      "min": 1.2726830000246991,
      "max": 10.247626000364107,
      "p50": 1.8633369998042326,
      "p90": 3.6843018997387866,
      "p95": 4.726413399953344,
      "p99": 7.927261560139414
    },
    "preprocess_ms": {
      "mean": 4.030984492224278,
      "std": 1.347200229851845,
      "min": 2.230551000138803,
      "max": 13.370790999942983,
      "p50": 3.7492590001875215,
      "p90": 5.8046169000135714,
      "p95": 7.317142450096981,
      "p99": 9.073836199945614
    },
    "model_ms": {
      "mean": 43.68428479639503,
      "std": 10.94707179308827,
      "min": 33.60035500008962,
      "max": 99.09006300040346,
      "p50": 37.442428500298774,
      "p90": 61.5280964003432,
      "p95": 64.25207969989515,
      "p99": 74.45416216989537
    },
    "neural_trigger_ms": {
      "mean": 0.0019626263505535223,
      "std": 0.002606634097294161,
      "min": 0.0010989997463184409,
      "max": 0.07801800029483275,
      "p50": 0.001777500074240379,
      "p90": 0.0023136000891099693,
      "p95": 0.002515000232961029,
      "p99": 0.0031728999238111962
    },
    "cv_trigger_ms": {
      "mean": 0.0014665748429382541,
      "std": 0.0015320290646183812,
      "min": 0.0008919996616896242,
      "max": 0.03972200011048699,
      "p50": 0.0013374999525694875,
      "p90": 0.0017210999885719505,
      "p95": 0.0018846498733182668,
      "p99": 0.002214779910900686
    },
    "postprocess_ms": {
      "mean": 0.018576182625481292,
      "std": 0.01845181041642135,
      "min": 0.00887099986357498,
      "max": 0.7011289999354631,
      "p50": 0.01839500009737094,
      "p90": 0.023181899950941446,
      "p95": 0.02465919978931197,
      "p99": 0.04544112004623456
    },
    "total_ms": {
      "mean": 50.119166492218056,
      "std": 12.579016650232912,
      "min": 37.249839000196516,
      "max": 110.04740399994262,
      "p50": 42.960181000125885,
      "p90": 70.90179860001626,
      "p95": 73.18259730006957,
      "p99": 85.21674660007646
    },
    "fps_estimate_mean": 19.95244673822077,
    "fps_estimate_p95": 13.664450796952643,
    "target_50ms": {
      "mean_total_ms_le_50": false,
      "p95_total_ms_le_50": false
    },
    "trigger_counts": {
      "neural_trigger_on_frames": 773,
      "cv_trigger_on_frames": 0,
      "hold_signal_on_frames": 773
    },
    "predicted_stage_counts": {
      "active_brazing": 267,
      "flux_activation": 90,
      "inactive_preparation": 811,
      "stabilization": 502
    }
  }
}