{
  "video_info": {
    "video_path": "data/raw/MVI_6266.MOV",
    "input_fps": 29.97002997002997,
    "frame_count_reported": 1700,
    "frame_width": 1280,
    "frame_height": 720,
    "frames_processed": 1700
  },
  "model": "resnet18",
  "checkpoint": "models/checkpoints/final_neural_stage_classification_10/resnet18_10fps_balanced_best_10fps.pt",
  "device": "cpu",
  "roi": {
    "x": 470,
    "y": 280,
    "w": 430,
    "h": 290
  },
  "image_size": 224,
  "postprocess": "state_machine",
  "smoothing_window": 5,
  "trigger_threshold": 0.4,
  "trigger_confirm_frames": 1,
  "enable_cv_trigger": false,
  "cv_threshold": 0.38,
  "cv_confirm_frames": 2,
  "max_frames": null,
  "num_frames_total": 1700,
  "num_frames_used_after_warmup": 1670,
  "warmup_frames": 30,
  "metrics": {
    "frame_read_ms": {
      "mean": 2.258531690422442,
      "std": 0.9392504153756503,
      "min": 1.3616709998132137,
      "max": 11.798255000030622,
      "p50": 1.9366094998076733,
      "p90": 3.5931555998104168,
      "p95": 4.201635200001874,
      "p99": 5.916584730207433
    },
    "preprocess_ms": {
      "mean": 5.434332129938749,
      "std": 1.6725740377475737,
      "min": 2.8942009998900176,
      "max": 20.717551999950956,
      "p50": 4.9513004998971155,
      "p90": 8.434717500313127,
      "p95": 9.025579350009139,
      "p99": 10.971918860109325
    },
    "model_ms": {
      "mean": 109.60309376647099,
      "std": 22.944799561940933,
      "min": 89.72273300014422,
      "max": 190.25862000034977,
      "p50": 96.57074649999231,
      "p90": 147.81859830022768,
      "p95": 153.29877380020207,
      "p99": 170.25743679013428
    },
    "neural_trigger_ms": {
      "mean": 0.0022615916189673312,
      "std": 0.0032748900806056527,
      "min": 0.00105399976746412,
      "max": 0.08740199973544804,
      "p50": 0.0020114996459597023,
      "p90": 0.002662300039446564,
      "p95": 0.0028903001521030087,
      "p99": 0.003963320109505704
    },
    "cv_trigger_ms": {
      "mean": 0.0012625802437305864,
      "std": 0.003057702069313942,
      "min": 0.0007819999154889956,
      "max": 0.10562699981164769,
      "p50": 0.0010759999895526562,
      "p90": 0.0013651001154357802,
      "p95": 0.0014980998230385012,
      "p99": 0.0017624800057092212
    },
    "postprocess_ms": {
      "mean": 0.017609428145252983,
      "std": 0.007890707427665906,
      "min": 0.009001999842439545,
      "max": 0.18121799985237885,
      "p50": 0.017718999970384175,
      "p90": 0.02292139997734921,
      "p95": 0.024492649731655547,
      "p99": 0.04328916008034862
    },
    "total_ms": {
      "mean": 117.39677453413574,
      "std": 24.57668599535731,
      "min": 94.05992600022728,
      "max": 203.47622000008414,
      "p50": 103.57562600006531,
      "p90": 159.09733640010018,
      "p95": 164.98009075003208,
      "p99": 180.11934523020497
    },
    "fps_estimate_mean": 8.518121592081966,
    "fps_estimate_p95": 6.061337434437104,
    "target_50ms": {
      "mean_total_ms_le_50": false,
      "p95_total_ms_le_50": false
    },
    "trigger_counts": {
      "neural_trigger_on_frames": 772,
      "cv_trigger_on_frames": 0,
      "hold_signal_on_frames": 772
    },
    "predicted_stage_counts": {
      "active_brazing": 240,
      "flux_activation": 94,
      "inactive_preparation": 809,
      "stabilization": 527
    }
  }
}