{
  "video_info": {
    "video_path": "data/raw/MVI_6266.MOV",
    "input_fps": 29.97002997002997,
    "frame_count_reported": 1700,
    "frame_width": 1280,
    "frame_height": 720,
    "frames_processed": 1700
  },
  "model": "resnet18",
  "checkpoint": "models/checkpoints/final_neural_stage_classification_10/resnet18_10fps_balanced_best_10fps.pt",
  "device": "cpu",
  "roi": {
    "x": 470,
    "y": 280,
    "w": 430,
    "h": 290
  },
  "image_size": 64,
  "postprocess": "state_machine",
  "smoothing_window": 5,
  "trigger_threshold": 0.4,
  "trigger_confirm_frames": 1,
  "enable_cv_trigger": false,
  "cv_threshold": 0.38,
  "cv_confirm_frames": 2,
  "max_frames": null,
  "num_frames_total": 1700,
  "num_frames_used_after_warmup": 1670,
  "warmup_frames": 30,
  "metrics": {
    "frame_read_ms": {
      "mean": 2.430865110779619,
      "std": 1.4018001807550624,
      "min": 1.289892999920994,
      "max": 13.87663200011957,
      "p50": 1.9230930001867819,
      "p90": 3.7927406999642708,
      "p95": 4.895563700029015,
      "p99": 9.850611789856883
    },
    "preprocess_ms": {
      "mean": 3.382635904787464,
      "std": 1.0843614174720073,
      "min": 1.9186419999641657,
      "max": 11.598160999710672,
      "p50": 3.2076175000383955,
      "p90": 4.788039499953812,
      "p95": 5.588592500066625,
      "p99": 7.22333196009913
    },
    "model_ms": {
      "mean": 24.72278965988534,
      "std": 5.7526969874006735,
      "min": 18.008476000431983,
      "max": 55.48234499974569,
      "p50": 21.66000400006851,
      "p90": 34.55142990010245,
      "p95": 35.99423410009876,
      "p99": 41.17189415978373
    },
    "neural_trigger_ms": {
      "mean": 0.0014886317431572428,
      "std": 0.0009645800569249264,
      "min": 0.0009780001164472196,
      "max": 0.022060999981476925,
      "p50": 0.0013699998362426413,
      "p90": 0.0017881001895148076,
      "p95": 0.0019301000520499656,
      "p99": 0.002243550234197755
    },
    "cv_trigger_ms": {
      "mean": 0.0015920455062839978,
      "std": 0.0018247527418671446,
      "min": 0.0010590001693344675,
      "max": 0.05939499988016905,
      "p50": 0.0014365002698468743,
      "p90": 0.001813199924072251,
      "p95": 0.0019661998749143095,
      "p99": 0.002336199991077591
    },
    "postprocess_ms": {
      "mean": 0.02137879281510682,
      "std": 0.015171964473286198,
      "min": 0.015355999948951649,
      "max": 0.4442380000000412,
      "p50": 0.018749500213743886,
      "p90": 0.023707200307399035,
      "p95": 0.027595599954111087,
      "p99": 0.059323359737390904
    },
    "total_ms": {
      "mean": 30.642146275447853,
      "std": 7.246895897616628,
      "min": 21.744262000083836,
      "max": 68.91938099988693,
      "p50": 26.689464999890333,
      "p90": 43.017960299994236,
      "p95": 44.77378285014311,
      "p99": 50.11887654990912
    },
    "fps_estimate_mean": 32.63478971123032,
    "fps_estimate_p95": 22.334498814785846,
    "target_50ms": {
      "mean_total_ms_le_50": true,
      "p95_total_ms_le_50": true
    },
    "trigger_counts": {
      "neural_trigger_on_frames": 1670,
      "cv_trigger_on_frames": 0,
      "hold_signal_on_frames": 1670
    },
    "predicted_stage_counts": {
      "inactive_preparation": 1670
    }
  }
}