{
  "video_info": {
    "video_path": "data/raw/MVI_6266.MOV",
    "input_fps": 29.97002997002997,
    "frame_count_reported": 1700,
    "frame_width": 1280,
    "frame_height": 720,
    "frames_processed": 1700
  },
  "model": "resnet18",
  "checkpoint": "models/checkpoints/final_neural_stage_classification_10/resnet18_10fps_balanced_best_10fps.pt",
  "device": "cuda",
  "roi": {
    "x": 470,
    "y": 280,
    "w": 430,
    "h": 290
  },
  "image_size": 224,
  "postprocess": "state_machine",
  "smoothing_window": 5,
  "trigger_threshold": 0.4,
  "trigger_confirm_frames": 1,
  "enable_cv_trigger": false,
  "cv_threshold": 0.38,
  "cv_confirm_frames": 2,
  "max_frames": null,
  "num_frames_total": 1700,
  "num_frames_used_after_warmup": 1670,
  "warmup_frames": 30,
  "metrics": {
    "frame_read_ms": {
      "mean": 1.0020358479816347,
      "std": 0.5250471878992076,
      "min": 0.5331760039553046,
      "max": 2.90770799620077,
      "p50": 0.8105970009637531,
      "p90": 1.876382103364449,
      "p95": 2.5234045988327125,
      "p99": 2.788600370840868
    },
    "preprocess_ms": {
      "mean": 2.517828838216576,
      "std": 0.20936636117517857,
      "min": 2.091769994876813,
      "max": 3.53199500386836,
      "p50": 2.5785985017137136,
      "p90": 2.6506110014452133,
      "p95": 2.6772375538712367,
      "p99": 3.4591043092950713
    },
    "model_ms": {
      "mean": 2.954009903066277,
      "std": 0.18678575987624704,
      "min": 2.63492399972165,
      "max": 4.3612260051304474,
      "p50": 2.959362002002308,
      "p90": 3.040883002540795,
      "p95": 3.087404599864385,
      "p99": 3.8392767789628124
    },
    "neural_trigger_ms": {
      "mean": 0.0008661962753164576,
      "std": 0.0004729943116748687,
      "min": 0.000528998498339206,
      "max": 0.014867000572849065,
      "p50": 0.0008950009942054749,
      "p90": 0.0010800999007187786,
      "p95": 0.0011420019291108474,
      "p99": 0.0013547940034186463
    },
    "cv_trigger_ms": {
      "mean": 0.0004996360751206312,
      "std": 8.236997179733219e-05,
      "min": 0.0003519962774589658,
      "max": 0.0009930008673109114,
      "p50": 0.00048599758883938193,
      "p90": 0.0005911031621508301,
      "p95": 0.0006359987310133874,
      "p99": 0.0008129959314828739
    },
    "postprocess_ms": {
      "mean": 0.008166261110733637,
      "std": 0.0034978276950647065,
      "min": 0.004388995876070112,
      "max": 0.04194100620225072,
      "p50": 0.008530500053893775,
      "p90": 0.009887600026559085,
      "p95": 0.01052655243256595,
      "p99": 0.027410689945099806
    },
    "total_ms": {
      "mean": 6.555722437155556,
      "std": 0.5509640984390723,
      "min": 5.4342509974958375,
      "max": 9.234340002876706,
      "p50": 6.442694000725169,
      "p90": 7.467941797222012,
      "p95": 7.858540146480664,
      "p99": 8.27015735580062
    },
    "fps_estimate_mean": 152.53848978296392,
    "fps_estimate_p95": 127.25009751942743,
    "target_50ms": {
      "mean_total_ms_le_50": true,
      "p95_total_ms_le_50": true
    },
    "trigger_counts": {
      "neural_trigger_on_frames": 772,
      "cv_trigger_on_frames": 0,
      "hold_signal_on_frames": 772
    },
    "predicted_stage_counts": {
      "active_brazing": 240,
      "flux_activation": 94,
      "inactive_preparation": 809,
      "stabilization": 527
    }
  }
}