{
  "video_info": {
    "video_path": "data/raw/MVI_6266.MOV",
    "input_fps": 29.97002997002997,
    "frame_count_reported": 1700,
    "frame_width": 1280,
    "frame_height": 720,
    "frames_processed": 1700
  },
  "model": "resnet18",
  "checkpoint": "models/checkpoints/resnet_input_size_cpu/resnet18_96_finetuned_best.pt",
  "device": "cpu",
  "roi": {
    "x": 470,
    "y": 280,
    "w": 430,
    "h": 290
  },
  "image_size": 96,
  "postprocess": "state_machine",
  "smoothing_window": 5,
  "trigger_threshold": 0.4,
  "trigger_confirm_frames": 1,
  "enable_cv_trigger": false,
  "cv_threshold": 0.38,
  "cv_confirm_frames": 2,
  "max_frames": null,
  "num_frames_total": 1700,
  "num_frames_used_after_warmup": 1670,
  "warmup_frames": 30,
  "metrics": {
    "frame_read_ms": {
      "mean": 2.1440432077828313,
      "std": 1.0342075858863269,
      "min": 1.228055999490607,
      "max": 10.155109000152152,
      "p50": 1.7374230001223623,
      "p90": 3.615463099686167,
      "p95": 4.285155450361344,
      "p99": 6.169659319648396
    },
    "preprocess_ms": {
      "mean": 3.465792686221064,
      "std": 1.0897455284308164,
      "min": 2.4620459998914157,
      "max": 10.547478000262345,
      "p50": 3.252295000493177,
      "p90": 5.058580900004018,
      "p95": 5.741500150270439,
      "p99": 7.533029960532075
    },
    "model_ms": {
      "mean": 30.52307164371032,
      "std": 7.473745526869254,
      "min": 24.93819400024222,
      "max": 72.03523499993025,
      "p50": 26.42046949995347,
      "p90": 43.50991079973028,
      "p95": 45.35560935005378,
      "p99": 49.77662664977286
    },
    "neural_trigger_ms": {
      "mean": 0.0015850982035663255,
      "std": 0.0012736322622712026,
      "min": 0.0007079997885739431,
      "max": 0.024942999516497366,
      "p50": 0.0014259999261412304,
      "p90": 0.00210799962587771,
      "p95": 0.0022876501134305727,
      "p99": 0.002759959743343642
    },
    "cv_trigger_ms": {
      "mean": 0.001358754495473357,
      "std": 0.0012808455309315174,
      "min": 0.0007959997674333863,
      "max": 0.024846999622241128,
      "p50": 0.001235000127053354,
      "p90": 0.0016402998880948876,
      "p95": 0.0018187501154898198,
      "p99": 0.002160480171369272
    },
    "postprocess_ms": {
      "mean": 0.01507917365530146,
      "std": 0.0051927441607823146,
      "min": 0.007962999916344415,
      "max": 0.10022700007539243,
      "p50": 0.015279999843187397,
      "p90": 0.019900599727407098,
      "p95": 0.02120535023095726,
      "p99": 0.03197186004399554
    },
    "total_ms": {
      "mean": 36.221746637110556,
      "std": 8.887586741341183,
      "min": 29.986276000272483,
      "max": 76.48908600003779,
      "p50": 31.266627499917377,
      "p90": 51.948623200314614,
      "p95": 53.78769099988858,
      "p99": 59.01756116995784
    },
    "fps_estimate_mean": 27.607724442958308,
    "fps_estimate_p95": 18.591614204113565,
    "target_50ms": {
      "mean_total_ms_le_50": true,
      "p95_total_ms_le_50": false
    },
    "trigger_counts": {
      "neural_trigger_on_frames": 716,
      "cv_trigger_on_frames": 0,
      "hold_signal_on_frames": 716
    },
    "predicted_stage_counts": {
      "active_brazing": 169,
      "flux_activation": 153,
      "inactive_preparation": 806,
      "stabilization": 542
    }
  }
}