{
  "video_info": {
    "video_path": "data/raw/MVI_6266.MOV",
    "input_fps": 29.97002997002997,
    "frame_count_reported": 1700,
    "frame_width": 1280,
    "frame_height": 720,
    "frames_processed": 1700
  },
  "model": "resnet18",
  "checkpoint": "models/checkpoints/resnet_input_size_cpu/resnet18_128_best.pt",
  "device": "cpu",
  "roi": {
    "x": 470,
    "y": 280,
    "w": 430,
    "h": 290
  },
  "image_size": 128,
  "postprocess": "state_machine",
  "smoothing_window": 5,
  "trigger_threshold": 0.4,
  "trigger_confirm_frames": 1,
  "enable_cv_trigger": false,
  "cv_threshold": 0.38,
  "cv_confirm_frames": 2,
  "max_frames": null,
  "num_frames_total": 1700,
  "num_frames_used_after_warmup": 1670,
  "warmup_frames": 30,
  "metrics": {
    "frame_read_ms": {
      "mean": 2.2177900149592222,
      "std": 1.0258736474559957,
      "min": 1.367564000247512,
      "max": 11.17382299980818,
      "p50": 1.8236880000586098,
      "p90": 3.6786410002605407,
      "p95": 4.273838299832278,
      "p99": 5.902557130193599
    },
    "preprocess_ms": {
      "mean": 3.8011937179700235,
      "std": 1.350501254588962,
      "min": 2.792322000459535,
      "max": 25.247448999834887,
      "p50": 3.5658864999277284,
      "p90": 5.525365499397595,
      "p95": 6.999923799867247,
      "p99": 8.16947629009519
    },
    "model_ms": {
      "mean": 37.653997711367445,
      "std": 9.193594112928912,
      "min": 28.42767600031948,
      "max": 86.2653260001025,
      "p50": 32.64331199989101,
      "p90": 53.80787200010673,
      "p95": 55.789950349981154,
      "p99": 61.75294548972485
    },
    "neural_trigger_ms": {
      "mean": 0.0018099922293869982,
      "std": 0.001122213684150001,
      "min": 0.0008659999366500415,
      "max": 0.023102999875845853,
      "p50": 0.001686999894445762,
      "p90": 0.0023182000404631258,
      "p95": 0.0025291005385952303,
      "p99": 0.00316119976560003
    },
    "cv_trigger_ms": {
      "mean": 0.0011804640777342851,
      "std": 0.0010377379409664833,
      "min": 0.00072900002123788,
      "max": 0.028165999538032338,
      "p50": 0.0010674998520698864,
      "p90": 0.001446000169380568,
      "p95": 0.0015515501672780374,
      "p99": 0.0017302403466601388
    },
    "postprocess_ms": {
      "mean": 0.015587376654224782,
      "std": 0.0074678083558836475,
      "min": 0.0079100000220933,
      "max": 0.17903000025398796,
      "p50": 0.015558999621134717,
      "p90": 0.020782099545613164,
      "p95": 0.02241260040136694,
      "p99": 0.033320799875582445
    },
    "total_ms": {
      "mean": 43.762843917365736,
      "std": 10.775562348269316,
      "min": 35.93275299954257,
      "max": 102.04525999961334,
      "p50": 37.880333500197594,
      "p90": 63.03485309981625,
      "p95": 65.26065480015859,
      "p99": 72.39105564043707
    },
    "fps_estimate_mean": 22.85043453501854,
    "fps_estimate_p95": 15.323168347945689,
    "target_50ms": {
      "mean_total_ms_le_50": true,
      "p95_total_ms_le_50": false
    },
    "trigger_counts": {
      "neural_trigger_on_frames": 730,
      "cv_trigger_on_frames": 0,
      "hold_signal_on_frames": 730
    },
    "predicted_stage_counts": {
      "active_brazing": 189,
      "flux_activation": 146,
      "inactive_preparation": 806,
      "stabilization": 529
    }
  }
}