{
  "video_info": {
    "video_path": "data/raw/MVI_6266.MOV",
    "input_fps": 29.97002997002997,
    "frame_count_reported": 1700,
    "frame_width": 1280,
    "frame_height": 720,
    "frames_processed": 1700
  },
  "model": "resnet18",
  "checkpoint": "models/checkpoints/resnet_input_size_cpu/resnet18_64_finetuned_best.pt",
  "device": "cpu",
  "roi": {
    "x": 470,
    "y": 280,
    "w": 430,
    "h": 290
  },
  "image_size": 64,
  "postprocess": "state_machine",
  "smoothing_window": 5,
  "trigger_threshold": 0.4,
  "trigger_confirm_frames": 1,
  "enable_cv_trigger": false,
  "cv_threshold": 0.38,
  "cv_confirm_frames": 2,
  "max_frames": null,
  "num_frames_total": 1700,
  "num_frames_used_after_warmup": 1670,
  "warmup_frames": 30,
  "metrics": {
    "frame_read_ms": {
      "mean": 2.31937570777921,
      "std": 1.6123995839391272,
      "min": 1.1557719999473193,
      "max": 23.38520899957075,
      "p50": 1.8012369996540656,
      "p90": 3.724608999982593,
      "p95": 4.349852099994677,
      "p99": 10.865324399910573
    },
    "preprocess_ms": {
      "mean": 3.2536140934022266,
      "std": 0.9884171492058477,
      "min": 1.9401279996600351,
      "max": 12.8375620006409,
      "p50": 3.0375400001503294,
      "p90": 4.702978600471397,
      "p95": 5.188510949938063,
      "p99": 6.882459619582733
    },
    "model_ms": {
      "mean": 20.492015173028072,
      "std": 5.008499492463623,
      "min": 15.907527999843296,
      "max": 56.10822700054996,
      "p50": 17.946293499790045,
      "p90": 29.934752400367874,
      "p95": 31.388359650190978,
      "p99": 33.66967123954054
    },
    "neural_trigger_ms": {
      "mean": 0.0015392784394088904,
      "std": 0.0007947907060912845,
      "min": 0.0007629996616742574,
      "max": 0.022417000764107797,
      "p50": 0.0014544998521159869,
      "p90": 0.002060000042547472,
      "p95": 0.0022286498733592452,
      "p99": 0.0026302399237465575
    },
    "cv_trigger_ms": {
      "mean": 0.001207852108313592,
      "std": 0.001034722489888699,
      "min": 0.000746999830880668,
      "max": 0.03422699955990538,
      "p50": 0.0010879998626478482,
      "p90": 0.0014722007108503023,
      "p95": 0.0016035501175792888,
      "p99": 0.002034339686360908
    },
    "postprocess_ms": {
      "mean": 0.014902706586005213,
      "std": 0.005287689691870577,
      "min": 0.007824000022083055,
      "max": 0.07468900003004819,
      "p50": 0.0150034998114279,
      "p90": 0.019719400097528705,
      "p95": 0.020949799954905757,
      "p99": 0.033425899500798543
    },
    "total_ms": {
      "mean": 26.154712063462448,
      "std": 6.597804827005445,
      "min": 21.68226599951595,
      "max": 64.47246799962159,
      "p50": 22.67971999981455,
      "p90": 38.443308000023535,
      "p95": 39.76698470009978,
      "p99": 43.800574549832156
    },
    "fps_estimate_mean": 38.23402825363074,
    "fps_estimate_p95": 25.146487910547837,
    "target_50ms": {
      "mean_total_ms_le_50": true,
      "p95_total_ms_le_50": true
    },
    "trigger_counts": {
      "neural_trigger_on_frames": 764,
      "cv_trigger_on_frames": 0,
      "hold_signal_on_frames": 764
    },
    "predicted_stage_counts": {
      "active_brazing": 234,
      "flux_activation": 106,
      "inactive_preparation": 805,
      "stabilization": 525
    }
  }
}