model,accuracy,macro_f1,weighted_f1
LogisticRegression,0.9176829268292683,0.8281222943722943,0.9194237012987012
RandomForest,0.8963414634146342,0.7903352263287469,0.8894457128062195
GradientBoosting,0.8658536585365854,0.7193334686816812,0.8574423008664552
